CLAVE,NOMBRE
1,Acelga cruda
2,Acelga picada cocida
3,Alcachofa mediana cocida
4,Apio cocido
5,Apio crudo
6,Arugula cruda
7,Berenjena picada cocida
8,Berro crudo
9,Betabel crudo
10,Betabel crudo rallado
11,Bledos crudos
12,Brocoli cocido
13,Brocoli crudo
14,Calabacita alargada cruda
15,Calabacita redonda cruda
16,Calabacita de Castilla cocida
17,Cebolla blanca rebanada
18,Cebolla cocida
19,Cebolla morada rebanada
20,Cebollita de cambray sin raiz
21,Cebollita en salmuera
22,Champinon cocido entero
23,Champinon cocido rebanado
24,Champinon crudo entero
25,Champinon crudo rebanado
26,Chayote cocido picado
27,Chayote crudo
28,Chepil crudo
29,Chícharo cocido sin vaina
30,Chicharo cocido con vaina
31,Chicharo en vaina cocido
32,Chicoria cruda
33,Chalacas crudas
34,Chilacayote crudo
35,Chile chilaca
36,Chile chipotle seco
37,Chile costeno
38,Chile cristalino
39,Chile cuaresmeno
40,Chile de arbol seco
41,Chile habanero
42,Chile jalapeno
43,Chile poblano
44,Chiles secos
45,Cilantro picado crudo
46,Clavito hongo crudo
47,Col cocida picada
48,Col cruda picada
49,Col morada cruda picada
50,Colesita de Bruselas cocida
51,Coliflor cocida
52,Coliflor cruda
53,Coliflor verde cocida
54,Coliflor verde cruda
55,Colinabo crudo
56,Cozaron de alcachofa crudo
57,Corazon de lechuga crudo
58,Corazon de palmito crudo
59,Creson cocido
60,Creson limpio crudo
61,Crucetas crudas
62,Cuitlacoche cocido
63,Echalot
64,Ejotes cocidos picados
65,Elotitos de cambray
66,Envidia cruda
67,Esparragos crudos
68,Espinaca cocida
69,Espinaca cruda picada
70,Flor de calabaza cocida
71,Flor de calabaza cruda picada
72,Flor de colorín cocida
73,Flor de colorín cruda
74,Flor de garambullo cruda
75,Flor de maguey cruda
76,Flor de Yuca cruda
77,Germen de alfalfa cruda
78,Germen de lenteja crudo
79,Germen de soya cocidpo
80,Granos de elote crudos
81,Haba verde
82,Hojas de amaranto cocidas
83,Hojas de amaranto crudas
84,Hojas de chicoria cruda
85,Hojas de dientes de león
86,Hojas de pata de paloma
87,Hojas de remolacha  crudas
88,Hojas de remolacha hervida
89,Hongos porrtobello crudo
90,Hongos shiitake deshidratados
91,Hongos crudos
92,Huanzontle
93,Huitlacoche cocido
94,Ibes frescos
95,Jicama picada
96,Jitomate
97,Jitomate bola
98,Jitomate cereza
99,Jitomate deshidratado
100,Jitomate guaje o saladet
101,Jitomate verde
102,Jitomatillo miltomate
103,Jugo de tomate
104,Jugo de verduras
105,Jugo de zanahoria
106,Lechuga
107,Lengua de vaca
108,Lenteja germinada cocida
109,Malva
110,Mezcla de verduras congeladas cocidas sin sal
111,Morillas deshidratadas
112,Morillas frescas
113,Nabo cocido
114,Nopal cocido
115,Nopal crudo
116,Nopal crudo de cambray
117,Palmito enlatado
118,Papaloquite crudo
119,Papilla de verduras mixtas
120,Pepinillos crudos
121,Pepinillos dulces
122,Pepino con cascara rebanado
123,Perejil crudo picado
124,Pimiento amarillo crudo chico
125,Pimiento cocido
126,Pimiento fresco
127,Pimiento rojo crudo chico
128,Pimiento verde crudo chico
129,Poro crudo
130,Puerro crudo
131,Puerro hervido sin sal
132,Pure de tomate enlatado
133,Quelite crudo
134,Rabano crudo rebanado
135,Romerito crudo
136,Salsa de chile
137,Salsifi
138,Semilla de guaje verde
139,Setas cocidas
140,Setas crudas
141,Tomate verde
142,Tomatitos tomatiles
143,Verdolaga cocida
144,Verdolaga cruda limpia
145,Verdura mexcla congelada, cocida sin sal
146,Xoconostle
147,Yemitas (ongos crudas
148,Yerbamora cruda
149,Zanahoria miniatura cruda
150,Zanahoria picada cruda
151,Zanahoria rallada cruda
152,Agua de coco
153,Albaricoque en almibar
154,Albaricoque en mitades enlatados en jugo
155,Albaricoque en mitades enlatados en agua
156,Anona
157,Arandano fresco
158,Arandano seco con azucar
159,Blueberries
160,Blueberries congeladas
161,Blueberries congeladas con azucar
162,Blueberries en almibar
163,Breba
164,Caimito blanco o morado
165,Calabaza melon
166,Cana de azucar
167,Capulin
168,Carambolo o Carambola
169,Cereza
170,Cereza congeladas
171,Cerezas en almibar
172,Cerezas maschino enlatadas
173,Chabacano
174,Chagua
175,Cherimoya picada
176,Chicozapote
177,Chirimoya
178,Ciricote
179,Ciruela criolla roja o amarilla
180,Ciruela negra
181,Ciruela pasa deshuesada
182,Cocktail de frutas en almibar
183,Cocktail de frutas enlatado en agua
184,Cocktail de frutas enlatado en jugo de frutas
185,Cocoyol
186,Coloc
187,Cundeamor
188,Dátil seco
189,Durazno amarillo
190,Durazno con azúcar congelado
191,Durazno en almibar
192,Durazno enlatado en agua
193,Durazno enlatado en jugo
194,Durazno prisco
195,Frambuesa
196,Fresa entera
197,Fresa rebanada
198,Fresas congeladas con azucar
199,Fresas congeladas sin azucar
200,Fruta de la pasion
201,Fruta picada
202,Fruto del pan
203,Gajos de mandarina
204,Gajos de naranja
205,Gajos de toronja
206,Giotilla
207,Granada chica
208,Granada roja
209,Grosellas
210,Grosellas en almibar
211,Grosellas negras
212,Grosellas rojas o blancas
213,Guanabana
214,Guayaba
215,Guayaba rosa
216,Higo
217,Higo deshidratado
218,Jinicuil
219,Jugod de limon
220,Jugo de mamey
221,Jugo de mandarina natural
222,Jugo de mango
223,Jugo de naranja natural
224,Jugo de papaya
225,Jugo de toronja natural
226,Kiwi
227,Lichis
228,Lima
229,Limon real
230,Mamey
231,Mandarina
232,Mandarina reyna
233,Mango ataulfo
234,Mango criollo
235,Mango en almibar enlatado
236,mango manila
237,Mango petacon
238,Mango picado
239,Mangosteno enlatado en jarabe
240,Manzana
241,Manzana al vapor
242,Manzana amarilla
243,Manzana cocida
244,Manzana deshidratada
245,Manzana en almibar
246,Manzana en almibar enlatada
247,Manzana golden
248,Manzana granny
249,Manzana picada
250,Manzana roja
251,Manzana sin cascara
252,Manzana verde
253,Manzana Washington
254,Maracuya
255,Maracuya  rebanado
256,Maranon fresco
257,Melon
258,Melon cantaloupe
259,Melon chico
260,Melon picado
261,Melon valenciano
262,Melon valenciano picado
263,Melon verde picado
264,Membrillo
265,Moras
266,Nanche agrio
267,Naranja
268,Naranja agria
269,Naranja cajera
270,Naranja chica
271,Naranja sin semilla
272,Naranja valenciana
273,Naranja concentrada
274,Nectarina
275,Nispero
276,Níspero del japón
277,Orejones de chabacano
278,Orejones de durazno
279,Orejones de manzana
280,Orejones de pera
281,Papaya hawaiana
282,Papaya picada
283,Papilla de chabacano con tapioca
284,Papilla de ciruela con tapioca
285,Papilla de durazno
286,Papilla de frutas mixtas
287,Papilla de guayaba y papaya con tapioca
288,Papilla de mango con tapioca
289,Papilla de manzana
290,Papilla de manzana y chabacano
291,Papilla de pera
292,Papilla de pera y piña
293,Papilla de platano y piña con tapioca
294,Pasas
295,Pasitas
296,Pasitas en semilla
297,Pera
298,Pera asiática
299,Pera bartlett
300,Pera d´anjou
301,Pera de agua
302,Pera de San Juan
303,Pera deshidratada
304,Pera en almibar
305,Pera mantequilla
306,Pera picada
307,Pera piña
308,Pera rebanada
309,Pera roja
310,Pera roja rebanada
311,Perón
312,Perón picado
313,Pérsimo
314,Pérsimo japonés
315,Piña en almibar
316,Piña en almibar
317,Piña picada
318,Piña rebanada
319,Pitahaya
320,Plátano
321,Plátano deshidratado
322,Plátano dominico
323,Plátano machacado
324,Plátano macho
325,Plátano macho rebanado
326,Plátano manzano
327,Plátano morado
328,Pomarosa
329,Pomelo
330,Prisco
331,Pulpa de fresa
332,Pulpa de guanabana
333,Pulpa de mamey
334,Pulpa de tamarindo
335,Pulpa de zapote negro
336,Puré de ciruela pasa
337,Puré de guayaba
338,Puré de guayaba gerber 2A etapa
339,Puré de manzana
340,Puré de manzana sin azúcar
341,Puré de platano
342,Rambután
343,Rambután en almibar
344,Rollo de frutas
345,Salsa de arandanos en gelatina enlatada
346,Sandia picada
347,Sandia rebanada
348,Saramuyo
349,Semilla de jinicuil
350,Tamarindo
351,Tamarindo (pulpa sin azúcar)
352,Tamarindo pelado
353,Tangerina
354,Tejocote
355,Toronja
356,Toronja en gajos
357,Toronja enlatada con jugo
358,Toronjas en almibar
359,Tuna
360,Tuna cardona
361,Tuna picada
362,Tuna roja
363,Uva
364,Uva blanca
365,Uva con semilla
366,Uva roja
367,Uva sin semilla
368,Uva verde
369,Uva verde sin semilla
370,Uvas enlatadas en agua
371,Xocoyol
372,Zapote
373,Zapote amarillo
374,Zapote blanco
375,Zapote borracho
376,Zapote negro
377,Zapote negro limpio
378,Zarzamora
379,Zarzamora congelada sin azúcar
380,Zarzamora en almibar
381,Alegría natural
382,Alegría tostada
383,Amaranto cocido
384,Amaranto tostado
385,Anillos de trigo azucarados de colores
386,Arroz cocido
387,Arroz crudo
388,Arroz inflado con cocoa
389,Arroz inflado natural
390,Arroz integral cocido
391,Arroz integral crudo
392,Arroz precocido cocido
393,Arroz precocido crudo
394,Arroz pulido crudo
395,Arroz salvaje cocido
396,Arroz salvaje crudo
397,Atole en polvo
398,Atole en sobre
399,Atole vitaminado
400,Avena cocida
401,Avena con canela y especias
402,Avena con manzana y canela
403,Avena con pasitas y especias
404,Avena en hojuelas
405,Avena instantánea PLUS varios sabores
406,Avena instantánea preparada
407,Avena instantánea varios sabores
408,Avena integral
409,"Avena integral con pasitas, instantánea preparada"
410,Avena Quaker Old fashion
411,Bagel
412,Bagel de ajo
413,Bagel de ajonjolí
414,Bagel de avena
415,Bagel de canela y pasas
416,Bagel de cebolla
417,Bagel integral
418,Baguette
419,Barquillo
420,Barra Special K varios sabores
421,Barra Stila varios sabores
422,Barrita de avena
423,Barrita de granola sabor manzana
424,Birote
425,Bolillo
426,Bolillo integral
427,Bolillo integral sin migajón
428,Bolillo sin migajón
429,Bollo de hamburguesa
430,Bollos para hamburguesa
431,burbujas de maíz azucaradas
432,Camote al honor
433,Camote amarillo
434,Camote cocido
435,Camote con miel
436,Camote con naranja
437,Camote en dulce
438,Camote largo
439,Camote poblano (dulce)
440,Canelones
441,Cáscara de papa cruda
442,Cebada
443,Cebada perla cocida
444,Centeno
445,Cereal Avena Flakes
446,Cereal Chewy para niños varios sabores
447,Cereal con almendras y pasas
448,Cereal de arroz
449,Cereal de arroz inflado con chocolate
450,Cereal con avena con maple
451,"Cereal de avena integral, seco"
452,Cereal de galleta de chispa de chocolate
453,Cereal de maíz reventado  con azúcar
454,Cereales de maíz reventado sabor chocolate y crema de cacahucate
455,Cereal de salvado de trigo
456,Cereal de trigo con canela
457,Cereal de trigo sabor frutas
458,Cereal integral con pasitas
459,Cereal Multibran Flakes
460,Cereal Multibran pasas
461,Cereal multigrano
462,Cereal sin azúcar
463,Codito crudo
464,Coditos con crema deshidratados
465,Couscous
466,Crepa
467,Crepas para rellenar
468,Crepas saladas
469,Croutones
470,Cuadritos de avena
471,Cuadritos de avena con salvado
472,Cúrcuma
473,Elote amarillo cocido
474,Elote amarillo congelado
475,Elote amarillo crudo
476,Elote amarillo desgranado cocido
477,Elote amarillo desgranado crudo
478,Elote amarillo enlatado
479,Elote blanco cocido
480,elote blanco desgranado
481,Elote crudo
482,Elote desgranado
483,Elote enlatado
484,English miffin
485,Espagueti cocido
486,Espagueti con espinacas cocido
487,Espagueti crudo
488,Espagueto integral cocido
489,Espagueti integral crudo
490,Espaguetti cocido
491,Espaguetti con espinacas cocido
492,Espaguetti crudo
493,Espaguetti integral cocido
494,Fécula de maíz
495,Fécula de maíz de sabor
496,Fetuccini crudo
497,Fibra uno
498,Fideo cocido
499,Fideo con tomate deshidratado
500,Fideo crudo
501,Fideo seco deshidratado
502,Fruitcake
503,Fusili cocido
504,Fusili crudo
505,Galleta barras de higo
506,Galleta de animalitos
507,Galleta de manzana
508,Galleta dulce
509,Galleta dulce sin relleno
510,Galleta maría
511,Galletas para sopa
512,Galleta salada
513,Galleta salada integral
514,Galleta salada molida
515,Galleta de avena pasas
516,Galletas de maíz horneadas sin grasa (salmas)
517,Galletas Marías
518,Galletas Marias azucaradas
519,Gluten de trigo
520,Granola baja en grasa
521,"Granola con frura seca, baja en grasas"
522,Habaneras Bran trigo entero
523,habaneras Clásicas
524,Habaneras integrales
525,Harina
526,Harina blanca
527,Harina blanca refinada
528,Harina de alforfón
529,Harina de amaranto
530,Harina de arroz
531,Harina de arroz refinada
532,Harina de cebada
533,Harina de centeno 
534,Harina de centeno integral
535,Harina de maíz
536,Harina de maíz nixtamalizada
537,Harina de maíz para atole
538,Harina de maíz para tamales
539,Harina de papa
540,Harina de trigo
541,Harina de trigo integral
542,Harina de trigo para panificación
543,Harina de trigo para pasteleria
544,Harina integral
545,Harina integral de centeno
546,Harina integral de trigo
547,Harina nixtamalizada
548,Harina para brownies
549,Harina para brownies baja en grasa
550,Harina para hot cakes
551,Harina para reposteria
552,Harina para tamales
553,Hilos de trigo entrelazados con miel maple y azúcar
554,Hojuelas de 7 fibras
555,Hojuelas de arroz
556,Hojuelas de avena
557,Hojuelas de avena con maple
558,Hojuelas de avena endulzadas con miel y almendras
559,"Hojuelas de avena instantaneas con pasas, dátiles y nueces. Preparado"
560,Hojuelas de avena instantáneas con pasas y especieas. Preparado
561,Hojuelas de avena instantáneas con miel maple y azúcar morena. Preparado
562,"Hojuelas de avena, fruta seca y nueces"
563,Hojuelas de cereales con frutas secas
564,Hojuelas de maíz
565,Hojuelas de maíz azucaradas
566,Hojuelas de maíz y trigo con frutas y nueces
567,Hojuelas de papa para puré
568,Hojuelas de salvado
569,Hojuelas de salvado con pasas
570,Hojuelas de trigo
571,Hojuelas de trigo con miel
572,Hojuelas de trigo integral
573,Hojuelas de trigo integral con frutos rojos
574,Hojuelas de trigo integral con chispas de yogur
575,Hojuelas de trigo integral con fibra extra
576,Hojuelas de trigo integral con frutas y yogur
577,Hojuelas de trigo negro
578,"Hojuelas fortificadas de trigo entero, almendras, nueces y miel"
579,Hojuelas avena instantánea con manzana y canela
580,Hot cake
581,Lasagna cruda
582,Lasaña cocida
583,Macarrón cocido
584,Macarrón crudo
585,Macarrón integral cocido
586,Maicena
587,Maicena sabor
588,Maíz
589,Maíz amarillo
590,Maíz amarillo cocido
591,Maíz azul
592,Maíz blanco
593,Maíz blanco cocido
594,Maíz cacahuacintle
595,Maíz cacahuacintle
596,Maíz palomero
597,Maíz pozolero
598,Maizena
599,Malanga
600,Marias cerealé fresa
601,Masa de maíz
602,Masa de maíz amarillo
603,Masa de maíz blanco
604,Masa pasa tortillas
605,Masa Yucatán
606,Media noche
607,media noche con ajonjoli
608,Mijo cocido
609,Mijo crudo
610,Mueslix con manzana y almendra
611,Nixtamal
612,Nutritas variedad de sabores
613,Ñame
614,Palanqueta de amaranto
615,Palanqueta de amaranto con pasas
616,Palitos de pan
617,Palomitas
618,Palomitas acarameladas
619,Palomitas acarameladas sin grasa
620,Palomitas fat free
621,Palomitas naturales
622,Palomitas sin grasa
623,Pambazo
624,Pan 5 granos
625,Pan 7 granos
626,Pan ácimo
627,Pan árabe
628,Pan árabe integral
629,Pan bagel dulce
630,Pan bagel integral
631,Pan bagel salado
632,Pan baguette
633,Pan birote
634,Pan blanco
635,Pan centeno
636,pan con salvado
637,Pan de 5 granos
638,Pan de 7 granos
639,Pan de avena
640,Pan de caja
641,Pan de caja integral
642,Pan de centeno y comino
643,Pan de centeno y trigo
644,Pan de girasol integral
645,Pan de hambueguesas chico
646,Pan de hot dog
647,Pan de hot dog con ajonjoli
648,pan de jengibre
649,Pan de miel y avena
650,Pan de plátano
651,Pan de trigo con arroz
652,Pan integral
653,Pan matza
654,Pan melba
655,Pan molido
656,Pan negro
657,Pan negro con trigo
658,Pan para hambuerguesa chico
659,Pan para hambuerguesa grande
660,Pan para pambazo
661,"Pan tipo ""english miffin"""
662,Pan tipo media noche
663,Pan tostado
664,Panqué fat-free
665,Papa al horno con cáscara
666,Papa al horno sin cáscara
667,Papa cocida
668,Papa cocida sin cascara
669,Papa de agua
670,Papa de cambray
671,Papa hervida con piel
672,Papa hervida pelada
673,Papa picada
674,Papa roja cruda
675,Papas hojuelas para puré
676,Papilla de arroz
677,Papilla de arroz deshidratada
678,Papilla de avena deshidratada
679,Papilla de maíz deshidratada
680,Pasta cocida
681,Pasta con huevo
682,Pasta cruda para sopa
683,Pasta de codito
684,Pasta de estrellitas
685,Pasta de lagrimitas
686,Pasta de letras
687,Pasta de moño
688,Pasta de municiones
689,Pasta de trigo cocida
690,Pasta de trigo fresca
691,Pasta fresca
692,Pasta integral cocida
693,Pasta integral cruda
694,Pasta tornillo
695,Pasta ángel
696,Peneques
697,Pinole
698,Pretzels
699,Puré de camote
700,Puré de camote con naranja
701,Puré de papa hojuelas
702,Quaker instant 0% azúcar
703,Quinoa
704,Raíz de chayote
705,Sagú
706,Salvado de trigo
707,Salvado de trigo
708,Semora de maíz preparada
709,Semolina
710,Sopa  instan ramen sin  preparar
711,Sorgo
712,Tallarin cocido
713,Tallarin crudo
714,Tapioca
715,Telera
716,Tortilla
717,Tortilla de maíz
718,Tortilla de maíz amarillo
719,Tortilla de maíz azul o negro
720,Tortilla de mapiz blanco
721,Tortilla de maíz y soya
722,Tortilla de maíz y trigo
723,Tortilla de nopal
724,Tostada de maíz horneada
725,Tpstada de nopal horneada
726,Trigo
727,Trigo cocido
728,Trigo entero
729,Trigo negro
730,trigo triturado
731,Yuca
732,Yuquilla
733,Barra Choco Krispis
734,Barra de fruta con Avena fresa
735,Barra de granola
736,Barra multigrano linaza
737,Barra zucaritas
738,Barra Chewy para niños varios sabores
739,Barrita de granola con cacahuate
740,Barrita de granola con choco chip
741,Barrita de granola con pasitas y nuez
742,Barrita de granola cubierta con chocolate
743,Barrita de fresa
744,Barrita marinela
745,Base para pay
746,Bigote relleno de chocolate
747,Bigote de cajeta
748,Bigotes de chocolate
749,Bigotes miniatura de cajeta
750,Bimbuñuelos
751,Bisquet
752,Botanas con proteinas de amaranto
753,Brownie casero
754,Brownie comercial
755,Charritos de amaranto
756,Cheescake
757,Cheetos
758,Cheetos poffs
759,Chetos torciditos
760,Chicharrón de harina enchilado
761,Chips ahoy
762,Chips de platano
763,Choco chispas
764,Churritos barcel
765,"Concha, pan dulce"
766,Costra para pay casera
767,Costra para pay congelada
768,Croissant
769,Croissant de manzana
770,Croissant de queso
771,Croutones sazonados
772,Cuernitos
773,Cuernitos de manzana
774,Cuernitos de queso
775,Cuernos
776,Cupcake de chocolate
777,Dalmata
778,Dona
779,Dona azucarada
780,Dona glaseada de chocolate
781,Dona glaseada sabor chocolate
782,Dona glaseada
783,Doraditas
784,Doritos incognita
785,Doritos nachos
786,Doritos pizzerolas
787,Eclair de chocolate
788,Fritos
789,Frituras de maíz con chile y limón
790,Frituras de maíz con limón y sal
791,Fruitcake
792,Galletas con chispa de chocolate
793,Galletas cubierta de chocolate
794,Galleta de avena
795,Galleta de avena con pasas
796,Galleta de avena y manzana
797,Galleta de chocolate con relleno cremoso
798,Galleta de chocolate con relleno cremoso baja en grasa
799,Galleta de crema de cacahuate
800,Galleta de malvavisco con chocolate
801,Galleta de nuez
802,Galleta integral
803,Galleta integral con miel
804,Galleta integral de miel
805,Galleta integral de trigo
806,Galleta integral molida
807,Galleta O´reo
808,Galleta salada cremosa
809,Galleta sandwich
810,Galleta sandwich chocolate
811,Galleta sandwuich de vainilla
812,Galleta wafers
813,Galletas con almendras
814,Galletas con chispas de chocolate
815,Galletas con chispas de chocolate bajas en grasa
816,Galletas con chispas de chocolate con mantequilla casera
817,Galletas de manzana con pasas
818,Gansito
819,Granola con almendras
820,Granola con avena y miel
821,Granola con pasitas y dátiles
822,Granola estándar
823,Granola Thins Nature Valley
824,Habaneras Bran Arándanos Ciruela
825,Harina de algodón  baja  en grado
826,harina de cacahuate
827,Harina de girasol parcialmente desgrasada
828,Harina de sésamo baja en grasa
829,Harina de soya baja en grasa
830,Harina de soya desgrasada
831,Harina de soya fill fat
832,Hojaldra
833,Kinder delice
834,Macarrón con queso
835,Madalena
836,Maíz palomero con mantequilla horno de microondas
837,Marías Gamesa Cereale Chocoplátano
838,Marías Gamesa Cereale Fresa
839,Muffin con mantequilla
840,Muffin de blueberry
841,Muffin de maíz
842,Muffin integral
843,Muffin integral con pasas
844,Nachos
845,Nature valley
846,Nature valley barra granola con manzana
847,Oreja
848,Orejas de pan dulce
849,Palomitas con queso
850,Palomitas garapiñadas
851,Pan de ajo
852,Pan de ajo con queso
853,"Pan dulce, orejas"
854,Pan de jenjibre
855,Pan de muesli
856,Pan tipo muffin con mantequilla
857,Pan tipo muffin de fruta
858,pan tipo muffin de maíz
859,Pan tipo muffin integral
860,Panqué
861,Panqué con mantequilla
862,Panqué de nata
863,Panqué de salvado
864,Panquecito cubierto de chocolate
865,Panquecito cubierto de vainilla
866,Panquecito de vainilla
867,Papa congelada para freir
868,Papa hash brown
869,Papa sal
870,Papas fritas
871,Papas fritas a la francesa
872,Papas fritas bajas en grasa
873,Papas fritas con crema ácida y cebolla
874,papas fritas con queso
875,Papas fritas en juliana
876,Papas fritas light
877,Papas fritas reducidas en grasa
878,Papas sabritas
879,Papilla de macarrones con pollo
880,Pasta de hojaldre
881,Pasta hojaldrada
882,Pasta quebrada
883,Pastel de chocolate
884,Pastel de frutas
885,Pastel de piña
886,Pastel de zanahoria con cubierta de queso crema
887,Pastelito con relleno cremoso y mermelada
888,Pastelito de chocolate con relleno cremoso
889,Pastitas de mantequilla
890,Pay de calabaza
891,Pay de chocolate
892,Pay de limón con merengue
893,Pay  de manzana
894,Pay de nuez
895,Pay de piña
896,Pay de queso
897,Pay helado de limón
898,Pop tarts
899,Prispas
900,Puré de papa
901,Rice krispies treats
902,Roles de canela
903,Rollo de fresa
904,Runner sabor hot sauce
905,Sabritas ligeras
906,Sabritas ligeras citricas
907,Salsa gravie de champiñones
908,Salsa gravie de res
909,Sándwich Quaker chocolate
910,Senzo
911,Snack mix nabisco 100 Kcal
912,Strudel de manzana
913,Tamal de carne
914,Tamal de elote
915,Tamal de frijol
916,Tamal de queso con rajas
917,Tamal rojo
918,Tamal verde
919,Tortilla de harina
920,Tortilla de harina integral
921,Tostada
922,Tostada rayada
923,Tostada tipo jalisco
924,Totopos de maíz
925,Trenza glaseada
926,Wafle
927,Wafle con mantequilla
928,Wafle estilo casero
929,Wafle integral
930,Wafle miniatura
931,Alubia cocida (chica o grande)
932,Alubia cruda (chica o grande)
933,Alubia enlatada guisada
934,Alubia germinada
935,Alverjón o chicharo  seco crudo
936,Alverjón o chicharo  seco cocido
937,Chicharo germinado cocido
938,Frijol germinado cocido
939,Frijol germinado crudo
940,Frijol molido
941,Frijol promedio cocido
942,Frijol promedio crudo
943,Frijoles enteros enlatados
944,"Frijoles refritos, caseros o enlatados"
945,Gandul
946,Garbanzo cocido
947,Garbanzo crudo
948,Garbanzo enlatado
949,Haba seca cocida
950,Haba seca cruda
951,Harina de frijol
952,Harina de garbanzo
953,Harina de haba
954,Harina de lenteja
955,Harina de soya
956,Harina de soya baja en grasa
957,Harina de soya sin grasa
958,Hummus
959,Ibes o haba de lima cocida
960,Ibes o haba de lima cruda
961,Lenteja cocida
962,Lenteja cruda
963,Miso (soybean paste)
964,Soya cocida
965,Soya texturizada
966,Abulón fresco
967,Acociles
968,Aguayón
969,Aguayón de res
970,Ahuahutle seco
971,Alce crudo
972,Almeja chirla
973,Almeja cruda mediana sin concha
974,Almeja fresca sin concha
975,Alón de pollo sin piel
976,Anchoa fresca
977,Anillos de calamar
978,Armadillo
979,Arrachera de avestruz
980,Atún blanco en agua (drenado)
981,Atún en agua drenado
982,Atún fresco
983,Atún horneado
984,Atún lihgt (drenado)
985,Bacalao enlatado
986,Bacalao fresco
987,Bacalao noruego
988,Bacalao seco
989,Bagre
990,Bagre fileteado
991,Bistec
992,Bistec de res
993,Bola de ternera
994,Boquerón crudo
995,"Boquilla, crudo"
996,Cabeza de pescado
997,Cabrilla
998,Cabrito
999,Calamar americano
1000,Calamar crudo
1001,Calamar fresco entero
1002,Calamar fresco limpio
1003,Camarón 16-20
1004,Camarón cocido
1005,Camarón crudo mediano
1006,Camarón de surimi
1007,Camarón enlatado
1008,Camarón gigante
1009,Camarón pacotilla
1010,Camarón seco
1011,Camarón seco salado
1012,Camarón U15
1013,Cangrejo
1014,Cangrejp cocido
1015,Cangrejo de Alaska
1016,Cangrejo de Alaska cocido
1017,Cangrejo enlatado
1018,Carne de alce cocida
1019,Carne de armadillo
1020,Carne de avestruz
1021,Carne de faisám cruda sin  piel
1022,carne de jaiba
1023,Carne de res seca
1024,Carne de venado cruda
1025,Carne molida de pavo
1026,Carne molida de pollo
1027,Carne obscura de pollo cruda
1028,Cazón
1029,Cazón fileteado
1030,Cecina
1031,Cecina enchilada
1032,Chambarete
1033,Chambarete de res
1034,Charales frescos
1035,Charales secos
1036,Cherna
1037,Chipirón (calamar) crudo
1038,Chuleta ahumada
1039,Clara de huevo
1040,Clara de huevo en polvo
1041,Corazón de puerco cocido
1042,Corazón de  puerco crudo
1043,Corazón de  res cocido
1044,Corazón de res crudo
1045,Corazón de ternera cocido
1046,Corazón de ternera crudo
1047,Cuete
1048,Cuete de res
1049,Empuje
1050,Empuje de res
1051,Escalopa de res
1052,Escamoles
1053,Extraviado
1054,Extraviado fileteado
1055,Fajitas de pollo sin piel cruda
1056,Falda
1057,Falda abierta
1058,Falda de res
1059,Filete de bandera crudo
1060,Filete de calamar crudo
1061,Filete de cazón crudo
1062,Filete de extraviado
1063,"Filete de guachinando, pargo"
1064,"Filete de guachinando, pargo"
1065,Filete de lenguado
1066,Filete de merluza
1067,Filete de mero
1068,Filete de mojarra
1069,Filete de pescado
1070,Filete de pescado blanco del Nilo
1071,Filete de res
1072,Filete de robalo
1073,Filete de venado
1074,Filete mignón
1075,Filete miñón
1076,Filete tampiqueña
1077,Gallinita de guinea con piel
1078,Gallinita de guinea sin piel
1079,Guachinango
1080,Guachinango cocido
1081,Guachinando crudo fileteado
1082,Gurrubata cruda
1083,Halibut cocido
1084,Huachinango crudo fileteado
1085,Huachinango cocido
1086,Huachinango crudo   
1087,Huevo de iguana
1088,Iguana
1089,Isabelita
1090,Jaiba cocida desmenuzada
1091,jaiba cocida entera
1092,jaiba cruda
1093,"Jorobado, lamparosa"
1094,Jugo de almeja
1095,Langosta
1096,Langosta cocida
1097,langostino
1098,Lenguado
1099,Lenguado fileteado
1100,Liebre
1101,"Lisa, churra, cabezuda"
1102,Lomo canadiense
1103,Lomo de venado
1104,Machaca
1105,Machacado de res
1106,Maciza de res
1107,Maciza de res en trozo
1108,Medallón de filete
1109,Medallón de filete de res
1110,Mejillones  sin concha cocidos
1111,Mejillones  sin concha crudos
1112,Menudencia de pollo cruda
1113,Menudencias de pavo
1114,Menudencias de pollo cocidas
1115,Merluza
1116,Merluza fileteada
1117,Mero cocido
1118,Mero crudo
1119,Mero crudo fileteado
1120,Milanesa de avestruz
1121,Milanesa de pollo
1122,Milanesa de res
1123,Mojarra cruda fileteada
1124,Mojarra tilapia cruda
1125,Molida de pollo
1126,Molleja de pollo cocida
1127,Pancita de res
1128,Pargo
1129,Pargo fileteado
1130,Pata de res
1131,Pechuga de pavo
1132,Pechuga de pavo ahumada
1133,Pechuga de pavo ahumada bajo en grasa
1134,Pechuda de pollo sin pile aplanada
1135,Pechuga de pollo ahumada
1136,Pechuga de pollo deshuesada sin piel cruda
1137,Pechuga de pollo sin piel 
1138,Pechuga de pollo sin piel a la plancha
1139,Pechuga de pollo sin piel asada
1140,Pechuga de pollo sin piel cocida
1141,Pechuga de pollo sin piel cruda
1142,Pechuga de pollo sin piel en brocheta cruda
1143,Pechuga de pollo sin piel en fajitas cruda
1144,Pechuga de pollo sin piel horneada rebanada
1145,Pechuga de pollo sin piel molida cruda
1146,Pechuga sin piel deshebrada
1147,Pechuga sin piel desmenuzada
1148,Pechuga sin pile molida
1149,Perca cocida 
1150,Perca cruda
1151,Perca fileteada
1152,Pescado blanco ahumado
1153,Pescado en trozo
1154,Pescado entero
1155,Pescado fileteado
1156,Pescado rebenado
1157,Pescado seco tipo bacalao
1158,Pez espada cocido
1159,Pez espada crudo
1160,Pez espada crudo fileteado
1161,Pez espada crudo rebanado
1162,Pollo crudo sin piel
1163,Pollo crudo sin piel en piezas
1164,Pollo deshebrado
1165,Pollo sin piel cocido
1166,Proteina aislada de soya
1167,Proteina concentrda de soya
1168,Pulmón de cerdo
1169,Pulpa de jaiba
1170,Pulpo cocido
1171,Pilopo crudo
1172,Puntas de filete
1173,Puntas de res
1174,Queso Cotagge Lala Light
1175,Queso cottage
1176,Queso cottage 1% grasa
1177,Queso cottage 2% grasa
1178,Queso cottage bajo en grasa
1179,Queso Mozzarella cero grasa
1180,Queso suizo muy bajo en grasa
1181,Retazo de pescado crudo
1182,Riñones de carnero crudos
1183,Riñones de cerdo cocidos
1184,Riñones de res cocidos
1185,Riñones de ternera cocidos
1186,Roast beef
1187,Robalo cocido
1188,Robaalo crudo
1189,Robalo fileteado
1190,Salmón ahumado
1191,Sast orugas
1192,Surimi
1193,Suirimi imitacion camaron
1194,Tampiqueña
1195,Tampiqueña de filete
1196,Trucha fresca
1197,Venado cocido    (carne magra)
1198,Venado crudo         (carne magra)
1199,Aguja de res
1200,Anchoa con aceite
1201,Arenque cocido
1202,Arenque fresco crudo
1203,Arrachera cruda
1204,Arrachera de res cruda
1205,Atún blanco en aceite
1206,Atún en aceite drenado
1207,Barbacoa
1208,Barbacoa con hueso
1209,Bistec de ternera
1210,Bonito
1211,Bonito en aceite
1212,Bonito filereado
1213,Cabeza de carnero cocida
1214,Cabeza de cerdo
1215,Calamar frito
1216,Carne de cerdo
1217,Carne de cerdo molida
1218,Carne de ganzo de crianza
1219,Carne de pato de crianza
1220,Carne de res (promedio)
1221,Carne de ternera
1222,Carne molida de cerdo
1223,Carne promedio
1224,Carnero
1225,Carnero con hueso
1226,Carpa
1227,Carpa cocida
1228,Carpa horneada
1229,Chuleta de cerdo
1230,Conejo
1231,Conejo de crianza
1232,Corazón de borrego
1233,Corazón de borrego cocido
1234,Corazón de cordero
1235,Corazón de cordero cocido
1236,Corazón de pavo
1237,Corazón de pollo cocido
1238,Corned beef
1239,Corned beef con áspic
1240,Cuete de ternera
1241,Falda de cerdo
1242,Filete de carpa
1243,Filete de cerdo
1244,Filete de puerco
1245,Filete de salmón
1246,Gallina
1247,Gallina joven cocida
1248,Ganso de crianza
1249,Guajolote
1250,Hígado de ganzo crudo
1251,Hígado de borrego crudo
1252,Hígado de cerdo cocido
1253,Hígado de ganzo 
1254,Hígado de pato crudo
1255,Hígado de pavo
1256,Hígado de pollo cocido
1257,Hígado de pollo crudo
1258,Hígado de res cocido
1259,Hígado de res frito
1260,Hueva de pescado cocida
1261,Huevo congelado sin colesterol
1262,Huevo de tortuga
1263,Jamón bajo en grasa
1264,Jamón de pavo
1265,Jamón de pierna
1266,Lomo de cerdo
1267,Lomo de cerdo en trozos
1268,Maciza de carnero
1269,Maciza de ternera
1270,Milanesa de cerdo
1271,Milanesa de ternera
1272,Molida de cerdo
1273,Molida de res
1274,Molida de sirloin
1275,Molida especial
1276,Molida regular de res (10% grasa)
1277,Muslo de pollo crudo sin piel
1278,Ostión cocido
1279,Ostión crudo
1280,Ostión cultivado
1281,Ostión cultivado cocido
1282,Ostión en jugo
1283,Ostión enlatado
1284,Pámpano
1285,Pámpano cocido
1286,Pámpano fileteado
1287,Pancita de puerco
1288,Pasta de anchoas
1289,Pasta de camarón
1290,Pasta de langosta
1291,Pastrami de pavo
1292,Pato de crianza
1293,Pavo
1294,Pavo entero
1295,Pechuga de pollo con piel
1296,Pescado blanco
1297,Pescado blanco cocido
1298,Pescado blanco fileteado
1299,Pescuezo de pollo sin piel
1300,Pescuezo de res
1301,Pierna de carnero
1302,Pierna de cerdo
1303,Pierna de cordero
1304,Pierna de pollo cin piel cocida
1305,Pierna de pollo cin piel cruda
1306,Pierna de cerdo
1307,Pulpa de cerdo
1308,Pulpa de ternera
1309,Queso cheddar bajo en grasa
1310,Queso cotage cremoso
1311,Queso de soya
1312,Queso fresco
1313,Queso fresco de cabra
1314,Queso fresco de vaca
1315,Queso Oaxaca Lala Light
1316,Queso panela
1317,Queso panela Lala Light
1318,Queso ricotta reducido en grasa
1319,Retazo de carnero
1320,Rib eye sin grasa
1321,Salmón
1322,Salmón cocido
1323,Salmón fresco
1324,Short loin
1325,Sierra ahumada
1326,Sirloin
1327,Sustituto de huevo en polvo
1328,Sustituto de huevo liquido
1329,T-bone sin grasa
1330,Ternera
1331,Ternera en canal
1332,"Tofu, firme"
1333,Trucha
1334,Trucha ahumada
1335,Trucha cocida
1336,Trucha fileteada
1337,Arenque marinado
1338,Bistec bola
1339,Bola de res
1340,Boquerones (fritos)
1341,Carne de suadero
1342,Carne deshebrada
1343,Carne molida estra magna cocida
1344,Carne molida estra magna salteada
1345,Caviar
1346,Caviar negro
1347,Caviar rojo
1348,Chicharrón
1349,Chicharrón de cerdo
1350,Chicharrón de puerco
1351,Costillar de cerdo
1352,Costillitas de cerdo
1353,Gusanos de maguey
1354,"Huevo ""enriquecido con DHA-Omega 3 y Vitamina E"""
1355,Huevo agra
1356,Huevo batido o revuelto cocido
1357,Huevo blanco cocido
1358,Huevo cocido
1359,Huevo de codorniz fresco
1360,Huevo deshidratado
1361,Huevo en polvo
1362,Huevo entero cocido
1363,Huevo entero fresco
1364,Huevo  fresco
1365,Huevo pochado
1366,Huevo rojo cocido
1367,Longaniza de primera
1368,Macarela cocida
1369,Macarela fresca
1370,Muslo de pierna con piel cocido con hueso
1371,Muslo de pierna con piel crudo con hueso
1372,Orejas de cerdo
1373,Pata de cerdo cocidas
1374,Patas de cerdo en escabeche
1375,Patitas de cerdo encurtidas sin hueso
1376,Pecho de res
1377,Pierna de pollo con piel cocida
1378,Pierna y mueslo de pollo con piel
1379,Queso blanco
1380,Queso de soya
1381,Queso holandés
1382,Queso monterrey bajo en grasa
1383,Queso Mozzarella reducido en grasa
1384,Queso Mozzarella semidescremado
1385,Queso Muenster bajo en grasa
1386,Queso parmensano
1387,Queso parmensano duro
1388,Queso parmensano en trozo
1389,Queso parmensano rallado
1390,Queso ricotta semidescremado
1391,Queso tipo americano lala light
1392,Requesón promedio
1393,Salami de pavo
1394,Salchica de pavo
1395,Salchicha vegetariana
1396,Salmón de aceite
1397,Sardina en aceite
1398,Sardina en tomate
1399,Sesos de cerdo cocidos
1400,Sesos de cordero cocidos
1401,Sesos de ternera cocidos
1402,Sierra
1403,Sierra fileteada
1404,Sierra picada
1405,Suarero crudo
1406,Sustituto de queso mozzarella
1407,Alón de pollo con piel cocido
1408,Alón de pollo con piel crudo
1409,Añejo tipo cotija
1410,Carne de res semigrasossa
1411,Carne molida popular de res
1412, Carne molida regular
1413,Carne molida regular cocida
1414,Carne obscura de pollo con piel
1415,Cecina de res
1416,Cerdo en canal
1417,Cheez whiz
1418,Chuleta de carnero
1419,Chuleta de cordero entera
1420,Cordero
1421,Costilla de carnero
1422,Costilla de res
1423,Espaldilla
1424,Espaldilla de cerdo
1425,Espinazo
1426,Espinazo de cerdo
1427,Fondue de queso
1428,Huevo de gansa
1429,Huevo de pato 
1430,Huevo de pavo
1431,Huevo estrellado
1432,Huevo frito
1433,Huevo revuelto
1434,Jamón ahumado
1435,Jamón americano
1436,Jamón bajo en sodio
1437,Jamón cocido
1438,Jamón del diablo
1439,Jamón horneado 
1440,Jamón virginia
1441,Jumiles
1442,Lengua de cerdo cocida
1443,Lengua de res cocida
1444,Maciza de cedo
1445,Maciza de puerco
1446,Molida de carnero
1447,Molida popular de res
1448,Morcilla
1449,Morcilla de arroz
1450,Moronga
1451,Mortadela
1452,Mozzarella fresco
1453,Nugget de pollo
1454,Nugget de queso
1455,Nugget de soya
1456,Ostión ahumado
1457,Ostión empanizado
1458,Palitos de pescado congelados
1459,Paloma
1460,Pastel de pavo
1461,Patel de pollo
1462,Pastel de puerco
1463,Pastel de ternera
1464,Pata de carnera cocida
1465,Peperami
1466,Peperoni
1467,Pescuezo de pollo con piel sin hueso
1468,Pollo crispy
1469,Pollo rostizado
1470,Pulpa de res
1471,Queso amarillo
1472,Queso americano fundido
1473,Queso añejo
1474,Queso añejo rallado
1475,Queso asadero
1476,Queso blue cheese
1477,Queso brick
1478,Queso brie
1479,Queso camembert
1480,Queso canasto
1481,Queso cheddar
1482,Queso cheddar rallado
1483,Queson Cheezwiz
1484,Queso Cheshire
1485,Queso chichuahua
1486,Queso Chihuahua fresco
1487,Queso chihuahua rallado
1488,Queso colby estilo Cheddar
1489,Queso cotija
1490,Queso crema light
1491,Queso de cabra con ceniza
1492,Queso de cabra duro
1493,Queso de cabra semi suave
1494,Queso de cabra suave
1495,Queso edam
1496,Queso feta
1497,Queso fontina
1498,Queso fundido
1499,Queso gouda
1500,Queso gruyere
1501,Queso Limburger
1502,Queso manchego
1503,Queso manchego rallado
1504,Queso manchego rebanado
1505,Queso menonita
1506,Queso Monterrey
1507,Queso mozarella
1508,Queso mozarella rallado
1509,Queso mozarella suave
1510,Queso Muenster
1511,Queso neufchatel
1512,Queso Oaxaca
1513,Queso pasteurizado americano
1514,Queso pasteurizado suizo
1515,Queso port salut
1516,Queso provolone
1517,Queso ricotta
1518,Queso romeno
1519,Queso roquefort
1520,Queso suizo
1521,Queso suizo rallado
1522,Queso tipo americano
1523,Queso tipo roquefort
1524,Queso velveta
1525,Retazo
1526,Retazo con hueso
1527,Retazo de pollo
1528,Retazo de res
1529,Retazo de ternera
1530,Rib eye
1531,Salami
1532,Salami de ternera
1533,Salchicha
1534,Salchicha ahumada
1535,Salchicha de pollo
1536,Salchicha de puerco
1537,Salchicha de ternera
1538,Salchicha vienna
1539,Salchicha vienna ahumada
1540,Sesos de res cocidos
1541,Sesos de res crudos
1542,Sesos de res fritos
1543,T-bone con grasa cocido
1544,"Tofu, frito"
1545,Tripas de res
1546,Ubre 
1547,Velveta
1548,Yema
1549,Yema de huevo
1550,Yema de huevo en polvo
1551,ALF** fresa con lactobacillus casei Shirota
1552,ALF** mango con lactobacillus casei Shirota
1553,ALF** manzana con lactobacillus casei Shirota
1554,Leche Alpura Ligh Extra
1555,Leche de soya
1556,Leche descremada
1557,Leche descremada con chocolate
1558,Leche descremada en polvo
1559,"Leche descremada en polvo, recucida en Ca"
1560,Leche en polvo descremada
1561,Leche evaporada descremada
1562,Leche evaporada semidescremada
1563,Leche Lala Extracalcio Light
1564,Leche Lala Light
1565,Leche Lala Siluette Plus
1566,Leche Lala Vive con fibra
1567,Leche Lala Vive Deslactosada ligth
1568,Leche light Extra
1569,Natilla Lala Siluette Plus
1570,PLF* sin azúcar con Lactobacillus casie Chirota
1571,Vitalinez bebible
1572,Vitalinea sólido
1573,Yoghur bajo en grasa
1574,Yoghur Lala Light batido
1575,Yoghur Lala Light bebible
1576,Yoghur Lala Siluette Plus de fruta
1577,Yoghur Lala Vive con fribra 0%
1578,Yoghur light
1579,Yoghur light de fruta
1580,Yoghur para beber con fruta BAJA EN CALORIAS
1581,ALF** natural con Lactobacillus casei Shirota
1582,Leche evaporada semidescremada
1583,Leche fácil digestión
1584,Leche Lactium MX
1585,Leche Lala Extracalcio Deslactosada
1586,Leche Lala Extracalcio Semidescremada
1587,Leche Lala Semidescremada
1588,Leche Lala Vive Deslactosada semidescremada
1589,Leche Lala Vive sin colesterol con omega 3
1590,Leche semidescremada
1591,Leche semidescremada 1%
1592,Leche semidescremada 2%
1593,Licuado de leche Lala Siluette Plus
1594,Activia natural
1595,Activia natural bebible
1596,Activia natural sólido
1597,Jocoque
1598,Jcoque ligero
1599,Jocoque seco
1600,Leche
1601,Leche caliente
1602,Leche clavel
1603,Leche cruda 
1604,Leche de burra
1605,Leche de cabra
1606,Leche de vaca
1607,Leche en polvo
1608,Leche entera
1609,Leche entera baja en sodio
1610,Leche entera en polvo
1611,Leche entera en polvo adicionada
1612,Leche entera evaporada
1613,Leche entera ultrapasteurizada
1614,Lerche evaporada
1615,Leche fría
1616,Leche hervida
1617,Leche humana
1618,Leche Lala Desarrollo en polvo
1619,Leche Lala Entera
1620,Leche Liconsa Te Nutre
1621,Leche materna
1622,Leche maternizada en polvo
1623,Leche omega verde
1624,Leche pasteurizada
1625,Leche preparada
1626,Yoghur
1627,Yoghur Lala batido
1628,Yoghur Lala Vive con fibra
1629,Yoghur natural
1630,ALF* para beber fresa con Lactobacillus casei Shirota
1631,ALF* para beber mango con Lactobacillus casei Shirota
1632,ALF* para beber natural con Lactobacillus casei Shirota
1633,Alimento lácteo fermentado con Actiregularis sabor Ciruela Pasa (bebible)
1634,Alimento lácteo fermentado con Actiregularis sabor Ciruela Pasa (sólido)
1635,Alimento lácteo fermentado con Actiregularis sabor fresa (bebible)
1636,Alimento lácteo fermentado con Actiregularis sabor fresa (sólido)
1637,Alimento lácteo fermentado sabor fresa (Lactobacillus casei y Streptococcus thermophilus)
1638,Alimento lácteo fermentado sabor manzana  (Lactobacillus casei y Streptococcus thermophilus)
1639,Alimento lácteo fermentado sabor natural  (Lactobacillus casei y Streptococcus thermophilus)
1640,Bio 4
1641,Chongos zamoranos
1642,Helado de café
1643,Helado de café bajo en calorías
1644,Helado de  chocolate
1645,Helado de chocolate bajo en calorías
1646,Helado de fresa
1647,Helado de fresa bajo en calorías
1648,Helado de vainilla
1649,Helado de vainilla bajo en calorías
1650,Helado de yogur
1651,Helado de yogur de fresa
1652,Helado napolitano
1653,Helado napolitano bajo en calorías
1654,Leche con chocolate
1655,Leche con chocolate semidescremada 1%
1656,Leche con vainilla
1657,Leche de soya saborizada
1658,Leche descremada con chocolate
1659,Leche en polvo sabor fresa
1660,Leche en polvo sabor vainilla
1661,Leche fermentada con latobacilos
1662,Leche fermentada con latobacilos sabor naranja
1663,Leche fermentada con latobacilos sabor natural
1664,Leche fermentada con latobacilos sabor  vainilla
1665,Leche Lala saborizada
1666,Leche Lala Vive con fribra saborizada
1667,Leche malteada de chocolate
1668,Leche malteada sabor chocolate
1669,Leche malteada sabor fresa
1670,Leche malteada sabor vainilla
1671,Leche semidescremada sabor chocolate
1672,Malteada de chocolate
1673,Malteada de fresa
1674,Malteada de vainilla
1675,Nescafé Dolce Gusto late macchiato (1 cápsula de leche + 1 cápsula de cocoa
1676,Nescafé Dolce Gusto caramel latte macchiato (1 cápsula de leche + 1 cápsula de cocoa
1677,Nescafé Dolce Gusto Chococino (1 cápsula de leche + 1 cápsula de cocoa
1678,PLF* con Lactobacillus casei Shirota
1679,Queso petit Suisse
1680,Yoghur Activia de Ciruela Pasa
1681,Yoghur bebible sabor durazno
1682,Yoghur bebible sabor  fresa
1683,Yoghur bebible sabor piña colada
1684,Yoghur de café
1685,Yoghur de fruta
1686,Yoghur de vainilla
1687,Yoghur Lala batido
1688,Yoghur Lala bebible frutas
1689,Yoghur Lala Vive con fibra
1690,Yoghur Lala Vive deslactosada
1691,Yoghur Lala Vive sin colesterol con Menoscol
1692,Yoghur para beber sabor fresa
1693,Yoghur de soya
1694,Aceite
1695,Aceite comestible
1696,Aceite de aguacate
1697,Aceite de ajonjolí
1698,
1699,Aceite de almendra
1700,Aceite de cachuate
1701,Aceite de cacao
1702,Aceite de canola
1703,Aceite de cártamo
1704,Aceite de coco
1705,Aceite de girasol
1706,Aceite de girasol 60% con ácido linoleico
1707,Aceite de girasol 70% con ácido aleico
1708,Aceite de hígado de bacalao
1709,Aceite de maíz
1710,Aceite de oliva
1711,Aceite de oliva extra virgen
1712,Aceite de olivo
1713,Aceite de palma
1714,Aceite de soya
1715,Aceite de soya y algodón
1716,Aceite en spray
1717,Aceituna negra sin hueso
1718,Aceituna verde con hueso
1719,Aceituna verde sin hueso
1720,Aceitunas rellenas de anchoa
1721,Aceitunas rellenas de pimiento
1722,Aderezo
1723,Aderezo blue cheese
1724,Aderezo con queso y ajo
1725,Aderezo cremoso
1726,Aderezo de ciruela pasas
1727,Aderezo de hierbas finas
1728,Aderezo de mayonesa
1729,Aderezo de miel y mostaza
1730,Aderezo francés
1731,Aderezo italiano
1732,Aderezo italiano bajo en calorías
1733,Aderezo italiano cremoso
1734,Aderezo italiano cremoso bajo en calorías
1735,Aderezo jalapeño
1736,Aderezo mil islas
1737,Aderezo ranch
1738,Aderezo roquefort
1739,Aderezo ruso
1740,Aderezo tipo blue cheese
1741,Aderezo tipo cesar
1742,Aderezo tipo francés
1743,Aderezo tipo mil islas
1744,Aderezo tipo ranch
1745,Aderezo vinagreta casera
1746,Aderezo vinagreta comercial
1747,Aguacate California
1748,Aguacate de pellejo
1749,Aguacate florida
1750,Aguacate hass
1751,Aguacate madiano
1752,Aguacate verde
1753,Calahua
1754,Coco
1755,Coco de aceite
1756,Coco deshidratado
1757,Coco en hojuelas
1758,Coco entero
1759,Coco fresco
1760,Coco rallado
1761,Coco rallado y endulzado
1762,Ccoc seco
1763,Coco seco y endulzado
1764,Coquito
1765,Crema
1766,Crema 20% grasa (dulce)
1767,Crema 40% grasa (agria)
1768,Crema ácida
1769,Crema agria
1770,Crema batida
1771,Crema batida en aerosol
1772,Creama chantilly
1773,Creama de coco dulce
1774,Creama de coco natural
1775,Crema de leche en polvo
1776,Creama dulce
1777,Crema dulce para batir
1778,Crema entera
1779,Crema Lala Light
1780,Crema ligera
1781,Crema natural
1782,Crema para batir
1783,Crema para café
1784,Dip
1785,Dip de cebolla
1786,Dip preparado
1787,Dip preparado con crema
1788,Grasa de tocino
1789,Grasas animales
1790,Grasas vegetales para cocinar
1791,Guacamole
1792,Lardo
1793,Manteca de cerdo
1794,Manteca vegetal
1795,Mantequilla
1796,Mantequilla con sal
1797,Mantequilla derretida
1798,Mantequilla Lala Reducida en grasa
1799,Mantequilla sin sal
1800,Margarita
1801,Margarita baja en grasa
1802,Margarita con sal
1803,Margarita sin sal
1804,Mayonesa
1805,Media crema
1806,Pam
1807,Praliné
1808,Queso crema
1809,Queso crema bajo en grasa
1810,Queso crema untable
1811,Queso Philadelphia
1812,Salsa alfredo
1813,Salsa holandesa industrializada
1814,Salsa tártara industrializada
1815,Salsa tártara sin grasa
1816,Salsa velouté
1817,Tocino
1818,Tocino ahumado
1819,Tocino en lonja
1820,Tocino frito
1821,Tocino imitación
1822,Vinagreta
1823,Vinagreta baja en calorías
1824,Vinagreta comercial
1825,Ajonjoli
1826,Ajonjoli tostado
1827,Almendra
1828,Almendra acaramelada
1829,Alemndra ahumada
1830,Almendra deshidratada
1831,Almendra fileteada
1832,Almendra picada
1833,Almendra tostada
1834,Avellana
1835,Avellana picada
1836,Avellana salada
1837,Avellana tostada
1838,Cacahuate
1839,Cacahuate acaramelado
1840,Cacahucate cocido
1841,Cacahuate con cáscara
1842,Cacahuate con pepitas
1843,Cacahuate con piel
1844,Cacahuate enchilado
1845,Cacahuate japonés
1846,Cacahuate picado
1847,Cacahuate salado
1848,Cacahuate tostado
1849,Cacahuates confitados
1850,Cacahuates cubiertos con salsa y limón
1851,Cacoa con cáscara
1852,Cacoa pataste
1853,Cacao sin cascara
1854,Chía
1855,Chilorio
1856,Chilorio de pavo
1857,Chistorra
1858,Chorizo
1859,Chorizo de pollo
1860,Chorizo vegetariano
1861,Coroso
1862,"Falafel, hecho en casa"
1863,Harina de ajonjolí
1864,Harina de almendras
1865,Harina de cacahuate
1866,Hot nuts
1867,"Hummus, de garbanzo (1 cda)"
1868,Jamón serrano
1869,Kkwatte sabritas  japonés
1870,Kkwatte sabritas  salados
1871,Mafer tostados sazonados
1872,Mantequilla de cacachuate
1873,Mazapan Azteca Oreo
1874,Mazapan sin azúcar
1875,Nueces mixtas
1876,Nuez
1877,Nuez acaramelada
1878,Nuez de castilla
1879,Nuez de la india acaramelada
1880,Nuez de la india con almendras
1881,Nuez de la india sin sal
1882,Nuez de la india sin sal en mitades
1883,Nuez de la india tostada sin sal 
1884,Nuez de macadamia deshidratada
1885,Nuez deshidratada
1886,Nuez en mitades
1887,Nuez entera
1888,Nuez garapiñada
1889,Nuez picada
1890,Nuez tostada
1891,Pasta de almendras
1892,Pasta de cacahuate
1893,Pasta de cacahucate desgrasada
1894,Paté
1895,Paté de cerdo
1896,Paté de Foie gras
1897,Paté de ganso
1898,Paté de higado  de cerdo
1899,Paté de hígado de ternera
1900,Paté de pollo
1901,Paté de ternera
1902,Pepita limpia
1903,Pepitas
1904,Pepitas con cáscara
1905,Pepitas de calabaza
1906,Pepitas de melón
1907,Pepitas tostadas
1908,Pepperoni
1909,Piñón
1910,Pistache
1911,Pistache tostado
1912,Queso de puerco
1913,Salsa bearnesa industrializada
1914,Salsa bechabel
1915,Salsa blanca
1916,Salsa de ajonjolí
1917,Salsa de cacahuate
1918,Salsa de pimienta verde
1919,Salsa de queso
1920,Salsa pesto
1921,Selección de botana mexicana
1922,Semilla de calabaza
1923,Semilla de calabaza menuda
1924,Semilla de chía
1925,Semilla de girasol
1926,Semilla de girasol tostada
1927,Tocino vegetariano
1928,Aderezos para ensalada bajos en calorías y grasa
1929,Agua quina
1930,Ate
1931,Ate de guayaba
1932,Ate de membrillo
1933,Azúcar blanca
1934,Azúcar de mesa
1935,Azúcar glass
1936,Azúcar granulada
1937,Azúcar mascabado
1938,Azúcar morena
1939,Bebida láctea fermentada
1940,Bebida para deportistas
1941,Bebida para deportistas en polvo
1942,Boost *
1943,Bubbaloo xtreme
1944,Bubulubu
1945,Burn *
1946,Café capuchino helado
1947,Café capuchino instantáneo
1948,Cajeta
1949,Caramelo
1950,Caramelo de mantequilla
1951,Caramelo macizo
1952,Caramelo salvavidas
1953,Cáscara de naranja cristalizada
1954,Castaña
1955,Castaña con cáscara
1956,Castaña asada
1957,Chewy candy
1958,Chicle
1959,Chicle bajo en azúcar
1960,Chicloso
1961,Chocolate en polvo sin azúcar
1962,Cococa en polvo
1963,Conos de helado
1964,Crazy dips sabor frutas
1965,Cubierta de chocolate 
1966,Cubierta de fresa
1967,Cubierta de piña
1968,Cueritos de fruta
1969,Flan en polvo
1970,Fruta cristalizada
1971,Gatorade variedad de sabores
1972,Gelatina
1973,Gelatina de sabor en polvo
1974,Gelatina en polvo para agua
1975,Gelatina en polvo para leche
1976,Gelatina preparada
1977,Gomitas
1978,Halls nite
1979,Jalea
1980,Jarabe de chocolate
1981,Jarabe de sabor para preparar agua
1982,Jugo de caña de azucar
1983,Jugo de ciruela pasa
1984,Jugo de citricos preparados con agua
1985,Jugo de fruta concentrado
1986,Jugod e frutas
1987,"Jugo de zanahoria, manzana y 3 frutas citricas"
1988,Jugo natural´es de Lala
1989,Leche condensada
1990,Leche condensada light
1991,Leche en polvo sabor chocolate con malbavisco
1992,leche en polvo sabor fudge de chocolate
1993,Malvavisco
1994,Malvavisvo miniatura
1995,Melaza
1996,Mentas de caramelo
1997,"Merngue ""duro"""
1998,Mermelada
1999,Mermelada con frustosa
2000,"Mermelada de fruta, menos azucar"
2001,miel  
2002,Miel de abeja
2003,Miel de caña
2004,Miel de maiz
2005,Miel de jarabe sabor maple
2006,Monster Energy*
2007,Monster Kaos*
2008,Mousse de chocolate sin grasa
2009,Néctar de fruta
2010,Nescafe Dolca gusto Nestea peach
2011,Nieves de frutas
2012,Obelas de cajeta
2013,Paleta de caramelo
2014,Paleta helada de agua
2015,Paleta helada de fruta
2016,Paleta helada de fruta sin azúcar
2017,Paleta helada de yogur sabor coco
2018,Panditas
2019,Pasitas con chocolate
2020,Piloncillo
2021,Piloncillo rallado
2022,Ponche de frutas
2023,Queso de tuna
2024,Red Bull*
2025,Refresco
2026,Refresco de cola
2027,Refresco de frutas
2028,Salsa catsup
2029,Salsa de manzana
2030,Salsa de tamarindo
2031,Salsa demiglass
2032,Skwinkes clásicos
2033,So be rush
2034,Té helado en polvo
2035,Tribu *
2036,Aderezo blue cheese bajo en calorias
2037,Aderezo de miel
2038,Aderezo de miel y mostaza bajo calorias
2039,Aderezo fránces bajo en calorías
2040,Aderezo mil islas bajo en calorías
2041,Aderezo ranch bajo en calorías
2042,Aderezo ruso bajo en calorías
2043,Aderezo tipo cesar bajo en   calorías
2044,Almendra con chocolate
2045,Almond joy
2046,Almond joy miniatura
2047,Cacahuate confitado (chocolate)
2048,Carlos V
2049,Chispas de chocolate hershey
2050,Chispas de chocolate     
2051,Chocolate amargo
2052,Chocolate blanco
2053,Chocolate blanco son azúcar
2054,Chocolate con arroz tostado
2055,Chocolate con almendras
2056,Chocolate con azúcar
2057,Chocolate con galleta y caramelo
2058,Chocolate con leche
2059,Chocolate con leche con menos del 10% proteinas
2060,Chocolate con leche y almendras sin azúcar
2061,Chocolate con nugar
2062,Chocolate con nugar y cacahuate
2063,Chocolate de coco y almendras
2064,Chocolate de leche
2065,Chocolate de menta
2066,Chocolate en polvo con más del 10% proteínas
2067,Chocolate en polvo con menos del 10% proteinas
2068,Chocolate en polvo DICONSA
2069,Chocolate en polvo sin azúcares
2070,Chocolate fundido
2071,Chocolate rallado
2072,Chocolate semi amargo
2073,Chocolate sin azúcar
2074,Cocada
2075,Crema en polvo para café
2076,Flan casero
2077,Flan de caja preparado con leche descremada
2078,Flan de caja preparado con leche entera
2079,herchey´s creme´n ´arandano
2080,Jarabe de coco
2081,Kinder delice
2082,Kranky
2083,Lunetas
2084,Malvavisco con chocolate
2085,Mayonesa baja en grasa
2086,Mayonesa light
2087,Mazapan
2088,Menta cubierta con chocolate
2089,Mole
2090,Mole de pepita
2091,Mole poblano
2092,Mole poblano en pasta
2093,Mole poblano preparado
2094,Mousse de chocolate
2095,Palanqueta de cacahuate
2096,Paleta helada de café con cubierta de chocolate y almendras
2097,Paleta helada de chocolate cubierta con chocolate
2098,Paleta helada de crema con café cubierta de chocolate y almendras
2099,Paleta helada de vainilla cubierta con chocolate
2100,Paleta helada de vainilla cubierta con chocolate y almendras
2101,Pipián
2102,Rompope sin alcohol
2103,Salsa de cebollin
2104,Salsa de epazote
2105,Achiote                                                                                                                        
2106,Agua
2107,Agua mineral
2108,Ajo en polvo
2109,Albahaca deshidratada
2110,Albahaca molida
2111,Alcaparras
2112,Alcaravea
2113,Anís
2114,Arúgula
2115,Aspartame
2116,Azafrán
2117,Café americano
2118,Café con azúcar
2119,Café de grano
2120,Café descafeinado
2121,Café descafeinado preparado
2122,Café en polvo
2123,Café de polvo descafeinado
2124,Café en polvo sabor moka
2125,Café express
2126,Café instantáneo
2127,Café intantánio preparado
2128,"Café instantáneo, descafeinado"
2129,Café molido
2130,Café ó té sin azúcar
2131,Café sin azúcar
2132,Caldo
2133,Caldo de carne
2134,Caldo de carne concentrado
2135,Caldo de pescado
2136,Caldo de pollo
2137,Caldo de pollo concentrado
2138,Caldo de pollo enlatado
2139,Caldo de res
2140,Caldo de res enlatado
2141,Canela
2142,Canela en polvo
2143,Canela en raja
2144,Canela molida
2145,Cardamomo
2146,Cardamomo molido
2147,Cáscara de limón
2148,Cáscara de naranja
2149,Cebolla deshidratada
2150,Cebolla en polvo
2151,Cebollín
2152,Cebollín deshidratada
2153,Cebollín fresco
2154,Cebollín liofilizado
2155,Chicle sin azúcar
2156,Chicle casacabel
2157,Chicle en polvo
2158,Chicle piquín
2159,Chicle piquín molido
2160,Chocolate para repostería sin azúcar
2161,Clavo
2162,Clavo de olor
2163,Clavo en polvo
2164,Clavo entero
2165,Clavo molido
2166,Clight
2167,Cocca Cola de dieta
2168,Cocca Cola Zero
2169,Coca light
2170,Cocacola de dieta
2171,Cocoa en polvo con aspartame
2172,Cocoa sin azúcar
2173,Cocoa sin azúcar Hershey
2174,Comino
2175,Comino entetro
2176,Comino molido
2177,Concentrado de pollo
2178,Consomé
2179,Consomé de camarón en polvo
2180,Consomé de pescado
2181,Consomé de pollo
2182,Consomé de pollo bajo en grasa
2183,Consomé de pollo desgarsado en polvo
2184,Consomé de pollo en cubo
2185,Consomé de pollo en polvo
2186,Consiomé de res
2187,Consomé de res condesado
2188,Consomé de res en cubo
2189,Consiomé de res en polvo
2190,Consomé de res enlatado
2191,Consomé en polvo
2192,Consomé sabor tomate
2193,Cremor tártaro
2194,Cubo consomé
2195,Curry
2196,Curry en polvo
2197,Dacaf
2198,Diet coke
2199,Diet sprite
2200,Eneldo
2201,Eneldo deshidratado
2202,Enelo en semilla
2203,Especias para sazonar aves
2204,Estragón
2205,Estragón molido
2206,Estragón seco
2207,Extracto de vainilla 
2208,Flor de jamaica
2209,Gelatina de dieta
2210,Gelatina sin azúcar preparada
2211,Gengibre
2212,Gengibre en polvo
2213,Gengibre fresco
2214,Grenetina sin sabor
2215,Hierbabuena
2216,Hierbas de olor
2217,Hierbas finas
2218,Hierbas molidas
2219,Hinojo
2220,Hoja de aguacate
2221,Hojas de laurel
2222,Jamaica
2223,Jengibre
2224,Jengibre fresco
2225,Jengibre molido
2226,Jengibre rallado
2227,Koll-Aid en polvo sin azúcar
2228,Laurel
2229,Laurel fresco
2230,Laurel troceado
2231,Levadura comprimida
2232,Levadura en polvo
2233,Levadura fresca
2234,Levadura seca
2235,Limón
2236,Limón agrio
2237,Limón sin semilla 
2238,Manzanilla fresca
2239,Manzanilla seca
2240,Mejorana
2241,Menta
2242,Menta fresca
2243,Menta molida
2244,Monster Lo-Carb Energía
2245,Mostaza
2246,Mostaza Dijón
2247,Mostaza en polvo
2248,Nuez moscada
2249,Nuez moscada molida
2250,Nutra sweet
2251,Orange crush diet
2252,Orégano 
2253,Orégano molido
2254,Orégano troceado
2255,Paprika
2256,Pepsi de dieta
2257,Pepsi Max
2258,Perejil deshidratado
2259,Pimentón
2260,Pimienta
2261,Pimienta blanca
2262,Pimienta blanca en polvo
2263,Pimienta blanaca entera
2264,Pimienta blanaca molida
2265,Pimienta de cayena
2266,Pimienta de tabasco
2267,Pimienta gorda
2268,Pimienta molida
2269,Pimienta negra
2270,Pimienta negra en polvo
2271,Pimienta negra entera
2272,Pimienta nagra molida
2273,Pimienta roja
2274,Pimienta verde
2275,Raíz de jengibre
2276,Raíz fuerte
2277,Raja de canela
2278,Ralladura de limón
2279,Ralladura de naranja
2280,Red Bull sugar free*
2281,Refresco de dieta
2282,Refresco en polvo sin azúcar
2283,Romero
2284,Romero deshidratado
2285,Romeo picado
2286,Sal
2287,Sal de ajo
2288,Sal de apio
2289,Sal de potasio
2290,Salsa de barbecue
2291,Salsa de soya
2292,Salsa inglesa
2293,Salsa Tabasco
2294,Salsa teriyaki
2295,Salvia
2296,Semilla de anís
2297,Semilla de apio
2298,Semilla de cardamomo
2299,Semilla de cilantro
2300,Semilla de eneldo
2301,Semilla de mosraza
2302,Sidral de dieta
2303,Sidral light
2304,Squirt de dieta
2305,Squirt light
2306,Tomillo
2307,Vainilla
2308,Vainilla en trozo
2309,Vinagre
2310,Vinagre balsámico
2311,Vinagre blanco
2312,Vinagre de caña
2313,Vinagre de fruta
2314,Vinagre de jeréz
2315,Viangre de manzana
2316,Vinagre de sidra
2317,Vinagre de vino
2318,Vinagre de yema
2319,Aguardiente
2320,Anís dulce seco
2321,Brandy
2322,Cerveza
2323,Cerveza ligth
2324,Champaña
2325,Coñac
2326,Crema de menta
2327,Ginebra
2328,Licor 100° proof
2329,Licor 94° proof
2330,Licor 90° proof
2331,Licor 86° proof
2332,Licor 80° proof
2333,Licor de almendras
2334,Licor de café
2335,Licor de café con crema
2336,Licor de café con whiskey
2337,Licor de naranja
2338,Oporto
2339,Pulque
2340,Rompope
2341,Ron blanco o añejo
2342,Sidra
2343,Tequila
2344,Vermouth seco
2345,Vino (12.2 % alcohol)
2346,Vino blanco dulce
2347,Vino blanco seco
2348,Vino de manzana
2349,Vino de meza
2350,Vino espumoso
2351,Vino rosado
2352,Vino tinto
2353,Vodka
2354,Whisky
2355,Sofúl LT fresa con                  Lactobacillus casei shirota
2356,Sofúl LT mango  con                            Lactobacillus casei shirota
2357,Sofúl LT manzana con                     Lactobacillus casei shirota
2358,Sofúl 40LT  con                       Lactobacillus casei shirota*
2359,Sofúl LT natural con Lactobacillus casei Shirota
2360,Sofúl bebible fresa con Lactobacillus casei Shirota
2361,Sofúl bebible mango con Lactobacillus casei Shirota
2362,Sofúl bebible natural con Lactobacillus casei Shirota
2363,Sofúl  con Lactobacillus casei Shirota*
